{
  "fio version" : "fio-3.16",
  "timestamp" : 1597931398,
  "timestamp_ms" : 1597931398125,
  "time" : "Thu Aug 20 13:49:58 2020",
  "global options" : {
    "fallocate" : "none",
    "runtime" : "30",
    "directory" : "/mnt",
    "bs" : "65536",
    "time_based" : "1",
    "ioengine" : "libaio",
    "iodepth" : "8",
    "thread" : "0",
    "numjobs" : "4",
    "group_reporting" : "1",
    "filesize" : "32g",
    "size" : "32g",
    "filename_format" : "$jobnum.dat"
  },
  "jobs" : [
    {
      "jobname" : "fio-job",
      "groupid" : 0,
      "error" : 28,
      "eta" : 0,
      "elapsed" : 26,
      "job options" : {
        "rw" : "write"
      },
      "read" : {
        "io_bytes" : 0,
        "io_kbytes" : 0,
        "bw_bytes" : 0,
        "bw" : 0,
        "iops" : 0.000000,
        "runtime" : 0,
        "total_ios" : 0,
        "short_ios" : 0,
        "drop_ios" : 0,
        "slat_ns" : {
          "min" : 0,
          "max" : 0,
          "mean" : 0.000000,
          "stddev" : 0.000000
        },
        "clat_ns" : {
          "min" : 0,
          "max" : 0,
          "mean" : 0.000000,
          "stddev" : 0.000000,
          "percentile" : {
            "1.000000" : 0,
            "5.000000" : 0,
            "10.000000" : 0,
            "20.000000" : 0,
            "30.000000" : 0,
            "40.000000" : 0,
            "50.000000" : 0,
            "60.000000" : 0,
            "70.000000" : 0,
            "80.000000" : 0,
            "90.000000" : 0,
            "95.000000" : 0,
            "99.000000" : 0,
            "99.500000" : 0,
            "99.900000" : 0,
            "99.950000" : 0,
            "99.990000" : 0
          },
          "bins" : {

          }
        },
        "lat_ns" : {
          "min" : 0,
          "max" : 0,
          "mean" : 0.000000,
          "stddev" : 0.000000
        },
        "bw_min" : 0,
        "bw_max" : 0,
        "bw_agg" : 0.000000,
        "bw_mean" : 0.000000,
        "bw_dev" : 0.000000,
        "bw_samples" : 0,
        "iops_min" : 0,
        "iops_max" : 0,
        "iops_mean" : 0.000000,
        "iops_stddev" : 0.000000,
        "iops_samples" : 0
      },
      "write" : {
        "io_bytes" : 13217873920,
        "io_kbytes" : 12908080,
        "bw_bytes" : 528482424,
        "bw" : 516096,
        "iops" : 8065.291272,
        "runtime" : 25011,
        "total_ios" : 201721,
        "short_ios" : 0,
        "drop_ios" : 0,
        "slat_ns" : {
          "min" : 186577,
          "max" : 5674686,
          "mean" : 482689.675785,
          "stddev" : 242254.618300
        },
        "clat_ns" : {
          "min" : 1851561,
          "max" : 16398448,
          "mean" : 3475210.839917,
          "stddev" : 672321.938144,
          "percentile" : {
            "1.000000" : 2277376,
            "5.000000" : 2506752,
            "10.000000" : 2670592,
            "20.000000" : 2899968,
            "30.000000" : 3063808,
            "40.000000" : 3227648,
            "50.000000" : 3391488,
            "60.000000" : 3588096,
            "70.000000" : 3784704,
            "80.000000" : 4014080,
            "90.000000" : 4358144,
            "95.000000" : 4685824,
            "99.000000" : 5275648,
            "99.500000" : 5537792,
            "99.900000" : 6258688,
            "99.950000" : 6848512,
            "99.990000" : 10551296
          },
          "bins" : {
            "1859584" : 1,
            "1875968" : 1,
            "1892352" : 2,
            "1908736" : 4,
            "1925120" : 4,
            "1941504" : 5,
            "1957888" : 7,
            "1974272" : 6,
            "1990656" : 8,
            "2007040" : 10,
            "2023424" : 13,
            "2039808" : 14,
            "2056192" : 24,
            "2072576" : 18,
            "2088960" : 31,
            "2113536" : 121,
            "2146304" : 188,
            "2179072" : 297,
            "2211840" : 406,
            "2244608" : 496,
            "2277376" : 615,
            "2310144" : 796,
            "2342912" : 931,
            "2375680" : 1035,
            "2408448" : 1212,
            "2441216" : 1333,
            "2473984" : 1565,
            "2506752" : 1712,
            "2539520" : 1887,
            "2572288" : 2131,
            "2605056" : 2163,
            "2637824" : 2191,
            "2670592" : 2452,
            "2703360" : 2530,
            "2736128" : 2670,
            "2768896" : 2940,
            "2801664" : 3071,
            "2834432" : 3198,
            "2867200" : 3184,
            "2899968" : 3288,
            "2932736" : 3394,
            "2965504" : 3695,
            "2998272" : 3686,
            "3031040" : 3657,
            "3063808" : 3816,
            "3096576" : 3923,
            "3129344" : 3903,
            "3162112" : 3974,
            "3194880" : 3970,
            "3227648" : 4136,
            "3260416" : 4053,
            "3293184" : 4049,
            "3325952" : 4123,
            "3358720" : 3981,
            "3391488" : 3990,
            "3424256" : 3881,
            "3457024" : 3881,
            "3489792" : 3882,
            "3522560" : 3848,
            "3555328" : 3565,
            "3588096" : 3563,
            "3620864" : 3522,
            "3653632" : 3417,
            "3686400" : 3353,
            "3719168" : 3357,
            "3751936" : 3268,
            "3784704" : 3180,
            "3817472" : 3042,
            "3850240" : 2973,
            "3883008" : 2823,
            "3915776" : 2750,
            "3948544" : 2575,
            "3981312" : 2546,
            "4014080" : 2445,
            "4046848" : 2211,
            "4079616" : 2161,
            "4112384" : 2144,
            "4145152" : 2118,
            "4177920" : 1899,
            "4227072" : 3510,
            "4292608" : 3128,
            "4358144" : 2908,
            "4423680" : 2594,
            "4489216" : 2279,
            "4554752" : 2029,
            "4620288" : 1787,
            "4685824" : 1489,
            "4751360" : 1304,
            "4816896" : 1143,
            "4882432" : 985,
            "4947968" : 812,
            "5013504" : 707,
            "5079040" : 587,
            "5144576" : 471,
            "5210112" : 439,
            "5275648" : 342,
            "5341184" : 297,
            "5406720" : 208,
            "5472256" : 214,
            "5537792" : 182,
            "5603328" : 150,
            "5668864" : 143,
            "5734400" : 104,
            "5799936" : 81,
            "5865472" : 68,
            "5931008" : 61,
            "5996544" : 56,
            "6062080" : 39,
            "6127616" : 29,
            "6193152" : 21,
            "6258688" : 20,
            "6324224" : 21,
            "6389760" : 15,
            "6455296" : 15,
            "6520832" : 13,
            "6586368" : 5,
            "6651904" : 7,
            "6717440" : 7,
            "6782976" : 3,
            "6848512" : 6,
            "6979584" : 2,
            "7045120" : 1,
            "7110656" : 3,
            "7176192" : 4,
            "7241728" : 4,
            "7307264" : 1,
            "7372800" : 3,
            "7438336" : 3,
            "7503872" : 1,
            "7569408" : 5,
            "7634944" : 3,
            "7700480" : 4,
            "7766016" : 2,
            "7831552" : 2,
            "7897088" : 1,
            "7962624" : 1,
            "8028160" : 2,
            "8093696" : 4,
            "8159232" : 1,
            "8224768" : 3,
            "8355840" : 2,
            "8454144" : 2,
            "8585216" : 3,
            "8716288" : 3,
            "8847360" : 1,
            "8978432" : 1,
            "9109504" : 1,
            "9240576" : 1,
            "9371648" : 2,
            "9633792" : 1,
            "9764864" : 2,
            "9895936" : 1,
            "10027008" : 3,
            "10289152" : 1,
            "10420224" : 1,
            "10551296" : 1,
            "10682368" : 2,
            "10813440" : 3,
            "10944512" : 2,
            "11075584" : 2,