{
  "fio version" : "fio-3.16",
  "timestamp" : 1597930388,
  "timestamp_ms" : 1597930388592,
  "time" : "Thu Aug 20 13:33:08 2020",
  "global options" : {
    "fallocate" : "none",
    "runtime" : "30",
    "directory" : "/mnt",
    "bs" : "65536",
    "time_based" : "1",
    "ioengine" : "libaio",
    "iodepth" : "8",
    "thread" : "0",
    "numjobs" : "4",
    "group_reporting" : "1",
    "filesize" : "32g",
    "size" : "32g",
    "filename_format" : "$jobnum.dat"
  },
  "jobs" : [
    {
      "jobname" : "fio-job",
      "groupid" : 0,
      "error" : 0,
      "eta" : 0,
      "elapsed" : 31,
      "job options" : {
        "rw" : "randwrite"
      },
      "read" : {
        "io_bytes" : 0,
        "io_kbytes" : 0,
        "bw_bytes" : 0,
        "bw" : 0,
        "iops" : 0.000000,
        "runtime" : 0,
        "total_ios" : 0,
        "short_ios" : 0,
        "drop_ios" : 0,
        "slat_ns" : {
          "min" : 0,
          "max" : 0,
          "mean" : 0.000000,
          "stddev" : 0.000000
        },
        "clat_ns" : {
          "min" : 0,
          "max" : 0,
          "mean" : 0.000000,
          "stddev" : 0.000000,
          "percentile" : {
            "1.000000" : 0,
            "5.000000" : 0,
            "10.000000" : 0,
            "20.000000" : 0,
            "30.000000" : 0,
            "40.000000" : 0,
            "50.000000" : 0,
            "60.000000" : 0,
            "70.000000" : 0,
            "80.000000" : 0,
            "90.000000" : 0,
            "95.000000" : 0,
            "99.000000" : 0,
            "99.500000" : 0,
            "99.900000" : 0,
            "99.950000" : 0,
            "99.990000" : 0
          },
          "bins" : {

          }
        },
        "lat_ns" : {
          "min" : 0,
          "max" : 0,
          "mean" : 0.000000,
          "stddev" : 0.000000
        },
        "bw_min" : 0,
        "bw_max" : 0,
        "bw_agg" : 0.000000,
        "bw_mean" : 0.000000,
        "bw_dev" : 0.000000,
        "bw_samples" : 0,
        "iops_min" : 0,
        "iops_max" : 0,
        "iops_mean" : 0.000000,
        "iops_stddev" : 0.000000,
        "iops_samples" : 0
      },
      "write" : {
        "io_bytes" : 13217890304,
        "io_kbytes" : 12908096,
        "bw_bytes" : 440581657,
        "bw" : 430255,
        "iops" : 6722.742575,
        "runtime" : 30001,
        "total_ios" : 201689,
        "short_ios" : 0,
        "drop_ios" : 0,
        "slat_ns" : {
          "min" : 199679,
          "max" : 13661962,
          "mean" : 581653.529161,
          "stddev" : 322126.328574
        },
        "clat_ns" : {
          "min" : 5848,
          "max" : 31222298,
          "mean" : 4169341.626817,
          "stddev" : 1378779.229839,
          "percentile" : {
            "1.000000" : 2342912,
            "5.000000" : 2572288,
            "10.000000" : 2768896,
            "20.000000" : 3031040,
            "30.000000" : 3260416,
            "40.000000" : 3457024,
            "50.000000" : 3719168,
            "60.000000" : 4014080,
            "70.000000" : 4554752,
            "80.000000" : 5734400,
            "90.000000" : 6389760,
            "95.000000" : 6717440,
            "99.000000" : 7307264,
            "99.500000" : 7503872,
            "99.900000" : 8159232,
            "99.950000" : 8847360,
            "99.990000" : 18481152
          },
          "bins" : {
            "5856" : 1,
            "5984" : 1,
            "6048" : 1,
            "18560" : 1,
            "272384" : 2,
            "350208" : 1,
            "528384" : 1,
            "618496" : 1,
            "716800" : 1,
            "774144" : 1,
            "921600" : 1,
            "1036288" : 1,
            "1122304" : 1,
            "1236992" : 2,
            "1302528" : 1,
            "1449984" : 1,
            "1515520" : 1,
            "1548288" : 2,
            "1744896" : 1,
            "1777664" : 3,
            "1794048" : 9,
            "1810432" : 6,
            "1826816" : 2,
            "1843200" : 1,
            "1859584" : 1,
            "1875968" : 1,
            "1990656" : 1,
            "2007040" : 2,
            "2023424" : 1,
            "2039808" : 5,
            "2056192" : 3,
            "2072576" : 12,
            "2088960" : 9,
            "2113536" : 51,
            "2146304" : 111,
            "2179072" : 162,
            "2211840" : 264,
            "2244608" : 324,
            "2277376" : 463,
            "2310144" : 541,
            "2342912" : 632,
            "2375680" : 740,
            "2408448" : 850,
            "2441216" : 1001,
            "2473984" : 1057,
            "2506752" : 1313,
            "2539520" : 1307,
            "2572288" : 1463,
            "2605056" : 1600,
            "2637824" : 1683,
            "2670592" : 1811,
            "2703360" : 2026,
            "2736128" : 2102,
            "2768896" : 2182,
            "2801664" : 2238,
            "2834432" : 2338,
            "2867200" : 2529,
            "2899968" : 2674,
            "2932736" : 2694,
            "2965504" : 2694,
            "2998272" : 2792,
            "3031040" : 2893,
            "3063808" : 2887,
            "3096576" : 2943,
            "3129344" : 3053,
            "3162112" : 2974,
            "3194880" : 2999,
            "3227648" : 2972,
            "3260416" : 2955,
            "3293184" : 2999,
            "3325952" : 2994,
            "3358720" : 3064,
            "3391488" : 2917,
            "3424256" : 2887,
            "3457024" : 2960,
            "3489792" : 2763,
            "3522560" : 2816,
            "3555328" : 2688,
            "3588096" : 2652,
            "3620864" : 2649,
            "3653632" : 2643,
            "3686400" : 2513,
            "3719168" : 2460,
            "3751936" : 2343,
            "3784704" : 2325,
            "3817472" : 2196,
            "3850240" : 2202,
            "3883008" : 2198,
            "3915776" : 2066,
            "3948544" : 1981,
            "3981312" : 1957,
            "4014080" : 1857,
            "4046848" : 1808,
            "4079616" : 1663,
            "4112384" : 1678,
            "4145152" : 1520,
            "4177920" : 1484,
            "4227072" : 2700,
            "4292608" : 2472,
            "4358144" : 2180,
            "4423680" : 1998,
            "4489216" : 1739,
            "4554752" : 1583,
            "4620288" : 1380,
            "4685824" : 1252,
            "4751360" : 1079,
            "4816896" : 1056,
            "4882432" : 923,
            "4947968" : 827,
            "5013504" : 793,
            "5079040" : 786,
            "5144576" : 823,
            "5210112" : 843,
            "5275648" : 854,
            "5341184" : 924,
            "5406720" : 967,
            "5472256" : 1104,
            "5537792" : 1302,
            "5603328" : 1359,
            "5668864" : 1537,
            "5734400" : 1652,
            "5799936" : 1943,
            "5865472" : 2063,
            "5931008" : 2151,
            "5996544" : 2220,
            "6062080" : 2206,
            "6127616" : 2292,
            "6193152" : 2275,
            "6258688" : 2291,
            "6324224" : 2203,
            "6389760" : 2166,
            "6455296" : 2046,
            "6520832" : 1914,
            "6586368" : 1743,
            "6651904" : 1595,
            "6717440" : 1513,
            "6782976" : 1372,
            "6848512" : 1254,
            "6914048" : 1044,
            "6979584" : 961,
            "7045120" : 759,
            "7110656" : 647,
            "7176192" : 561,
            "7241728" : 474,
            "7307264" : 407,
            "7372800" : 339,
            "7438336" : 282,
            "7503872" : 214,
            "7569408" : 184,
            "7634944" : 149,
            "7700480" : 99,
            "7766016" : 75,
            "7831552" : 66,
            "7897088" : 49,
            "7962624" : 39,
            "8028160" : 44,
            "8093696" : 24,
            "8159232" : 34,