{
  "fio version" : "fio-3.16",
  "timestamp" : 1597932366,
  "timestamp_ms" : 1597932366949,
  "time" : "Thu Aug 20 14:06:06 2020",
  "global options" : {
    "fallocate" : "none",
    "runtime" : "30",
    "directory" : "/mnt",
    "bs" : "65536",
    "time_based" : "1",
    "ioengine" : "libaio",
    "iodepth" : "8",
    "thread" : "0",
    "numjobs" : "4",
    "group_reporting" : "1",
    "filesize" : "32g",
    "size" : "32g",
    "filename_format" : "$jobnum.dat"
  },
  "jobs" : [
    {
      "jobname" : "fio-job",
      "groupid" : 0,
      "error" : 0,
      "eta" : 0,
      "elapsed" : 31,
      "job options" : {
        "rw" : "randwrite"
      },
      "read" : {
        "io_bytes" : 0,
        "io_kbytes" : 0,
        "bw_bytes" : 0,
        "bw" : 0,
        "iops" : 0.000000,
        "runtime" : 0,
        "total_ios" : 0,
        "short_ios" : 0,
        "drop_ios" : 0,
        "slat_ns" : {
          "min" : 0,
          "max" : 0,
          "mean" : 0.000000,
          "stddev" : 0.000000
        },
        "clat_ns" : {
          "min" : 0,
          "max" : 0,
          "mean" : 0.000000,
          "stddev" : 0.000000,
          "percentile" : {
            "1.000000" : 0,
            "5.000000" : 0,
            "10.000000" : 0,
            "20.000000" : 0,
            "30.000000" : 0,
            "40.000000" : 0,
            "50.000000" : 0,
            "60.000000" : 0,
            "70.000000" : 0,
            "80.000000" : 0,
            "90.000000" : 0,
            "95.000000" : 0,
            "99.000000" : 0,
            "99.500000" : 0,
            "99.900000" : 0,
            "99.950000" : 0,
            "99.990000" : 0
          },
          "bins" : {

          }
        },
        "lat_ns" : {
          "min" : 0,
          "max" : 0,
          "mean" : 0.000000,
          "stddev" : 0.000000
        },
        "bw_min" : 0,
        "bw_max" : 0,
        "bw_agg" : 0.000000,
        "bw_mean" : 0.000000,
        "bw_dev" : 0.000000,
        "bw_samples" : 0,
        "iops_min" : 0,
        "iops_max" : 0,
        "iops_mean" : 0.000000,
        "iops_stddev" : 0.000000,
        "iops_samples" : 0
      },
      "write" : {
        "io_bytes" : 17590452224,
        "io_kbytes" : 17178176,
        "bw_bytes" : 586328863,
        "bw" : 572586,
        "iops" : 8946.668444,
        "runtime" : 30001,
        "total_ios" : 268409,
        "short_ios" : 0,
        "drop_ios" : 0,
        "slat_ns" : {
          "min" : 86863,
          "max" : 43604722,
          "mean" : 432099.696843,
          "stddev" : 261946.148505
        },
        "clat_ns" : {
          "min" : 5337,
          "max" : 48696111,
          "mean" : 3134700.078343,
          "stddev" : 992479.254144,
          "percentile" : {
            "1.000000" : 1859584,
            "5.000000" : 2056192,
            "10.000000" : 2179072,
            "20.000000" : 2342912,
            "30.000000" : 2506752,
            "40.000000" : 2670592,
            "50.000000" : 2834432,
            "60.000000" : 3031040,
            "70.000000" : 3293184,
            "80.000000" : 3883008,
            "90.000000" : 4882432,
            "95.000000" : 5079040,
            "99.000000" : 5406720,
            "99.500000" : 5537792,
            "99.900000" : 5865472,
            "99.950000" : 6324224,
            "99.990000" : 13828096
          },
          "bins" : {
            "5344" : 1,
            "5920" : 1,
            "6048" : 1,
            "6304" : 1,
            "162816" : 1,
            "209920" : 1,
            "317440" : 1,
            "325632" : 1,
            "374784" : 1,
            "403456" : 1,
            "497664" : 1,
            "552960" : 1,
            "569344" : 1,
            "700416" : 2,
            "790528" : 1,
            "880640" : 1,
            "897024" : 1,
            "987136" : 1,
            "1056768" : 1,
            "1155072" : 1,
            "1187840" : 1,
            "1204224" : 2,
            "1220608" : 5,
            "1236992" : 4,
            "1253376" : 12,
            "1269760" : 8,
            "1286144" : 9,
            "1302528" : 7,
            "1318912" : 4,
            "1335296" : 2,
            "1351680" : 4,
            "1368064" : 3,
            "1384448" : 2,
            "1400832" : 1,
            "1417216" : 1,
            "1433600" : 1,
            "1449984" : 2,
            "1466368" : 1,
            "1482752" : 2,
            "1499136" : 1,
            "1515520" : 7,
            "1531904" : 18,
            "1548288" : 9,
            "1564672" : 24,
            "1581056" : 23,
            "1597440" : 18,
            "1613824" : 30,
            "1630208" : 37,
            "1646592" : 52,
            "1662976" : 50,
            "1679360" : 82,
            "1695744" : 104,
            "1712128" : 126,
            "1728512" : 141,
            "1744896" : 188,
            "1761280" : 185,
            "1777664" : 193,
            "1794048" : 232,
            "1810432" : 273,
            "1826816" : 319,
            "1843200" : 359,
            "1859584" : 441,
            "1875968" : 471,
            "1892352" : 580,
            "1908736" : 654,
            "1925120" : 708,
            "1941504" : 766,
            "1957888" : 891,
            "1974272" : 998,
            "1990656" : 1018,
            "2007040" : 1115,
            "2023424" : 1164,
            "2039808" : 1233,
            "2056192" : 1358,
            "2072576" : 1505,
            "2088960" : 1629,
            "2113536" : 3546,
            "2146304" : 4014,
            "2179072" : 4194,
            "2211840" : 4293,
            "2244608" : 4634,
            "2277376" : 5066,
            "2310144" : 5481,
            "2342912" : 5472,
            "2375680" : 5573,
            "2408448" : 5563,
            "2441216" : 5843,
            "2473984" : 5845,
            "2506752" : 5932,
            "2539520" : 5741,
            "2572288" : 5749,
            "2605056" : 5707,
            "2637824" : 5566,
            "2670592" : 5500,
            "2703360" : 5367,
            "2736128" : 5348,
            "2768896" : 5179,
            "2801664" : 4938,
            "2834432" : 4884,
            "2867200" : 4801,
            "2899968" : 4685,
            "2932736" : 4559,
            "2965504" : 4316,
            "2998272" : 4295,
            "3031040" : 4067,
            "3063808" : 3826,
            "3096576" : 3739,
            "3129344" : 3623,
            "3162112" : 3429,
            "3194880" : 3240,
            "3227648" : 2989,
            "3260416" : 2925,
            "3293184" : 2906,
            "3325952" : 2658,
            "3358720" : 2370,
            "3391488" : 2277,
            "3424256" : 1993,
            "3457024" : 1963,
            "3489792" : 1781,
            "3522560" : 1667,
            "3555328" : 1535,
            "3588096" : 1386,
            "3620864" : 1254,
            "3653632" : 1137,
            "3686400" : 1029,
            "3719168" : 893,
            "3751936" : 796,
            "3784704" : 731,
            "3817472" : 677,
            "3850240" : 630,
            "3883008" : 526,
            "3915776" : 475,
            "3948544" : 471,
            "3981312" : 382,
            "4014080" : 328,
            "4046848" : 337,
            "4079616" : 298,
            "4112384" : 313,
            "4145152" : 287,
            "4177920" : 289,
            "4227072" : 677,
            "4292608" : 866,
            "4358144" : 1159,
            "4423680" : 1360,
            "4489216" : 1975,
            "4554752" : 2476,
            "4620288" : 2948,
            "4685824" : 3405,
            "4751360" : 3680,
            "4816896" : 4148,
            "4882432" : 4260,
            "4947968" : 4021,
            "5013504" : 3730,
            "5079040" : 3364,
            "5144576" : 2862,
            "5210112" : 2381,
            "5275648" : 1914,
            "5341184" : 1383,
            "5406720" : 1065,
            "5472256" : 749,