{
  "fio version" : "fio-3.16",
  "timestamp" : 1597932589,
  "timestamp_ms" : 1597932589882,
  "time" : "Thu Aug 20 14:09:49 2020",
  "global options" : {
    "fallocate" : "none",
    "runtime" : "30",
    "directory" : "/mnt",
    "bs" : "65536",
    "time_based" : "1",
    "ioengine" : "libaio",
    "iodepth" : "8",
    "thread" : "0",
    "numjobs" : "4",
    "group_reporting" : "1",
    "filesize" : "32g",
    "size" : "32g",
    "filename_format" : "$jobnum.dat"
  },
  "jobs" : [
    {
      "jobname" : "fio-job",
      "groupid" : 0,
      "error" : 0,
      "eta" : 0,
      "elapsed" : 31,
      "job options" : {
        "rw" : "write"
      },
      "read" : {
        "io_bytes" : 0,
        "io_kbytes" : 0,
        "bw_bytes" : 0,
        "bw" : 0,
        "iops" : 0.000000,
        "runtime" : 0,
        "total_ios" : 0,
        "short_ios" : 0,
        "drop_ios" : 0,
        "slat_ns" : {
          "min" : 0,
          "max" : 0,
          "mean" : 0.000000,
          "stddev" : 0.000000
        },
        "clat_ns" : {
          "min" : 0,
          "max" : 0,
          "mean" : 0.000000,
          "stddev" : 0.000000,
          "percentile" : {
            "1.000000" : 0,
            "5.000000" : 0,
            "10.000000" : 0,
            "20.000000" : 0,
            "30.000000" : 0,
            "40.000000" : 0,
            "50.000000" : 0,
            "60.000000" : 0,
            "70.000000" : 0,
            "80.000000" : 0,
            "90.000000" : 0,
            "95.000000" : 0,
            "99.000000" : 0,
            "99.500000" : 0,
            "99.900000" : 0,
            "99.950000" : 0,
            "99.990000" : 0
          },
          "bins" : {

          }
        },
        "lat_ns" : {
          "min" : 0,
          "max" : 0,
          "mean" : 0.000000,
          "stddev" : 0.000000
        },
        "bw_min" : 0,
        "bw_max" : 0,
        "bw_agg" : 0.000000,
        "bw_mean" : 0.000000,
        "bw_dev" : 0.000000,
        "bw_samples" : 0,
        "iops_min" : 0,
        "iops_max" : 0,
        "iops_mean" : 0.000000,
        "iops_stddev" : 0.000000,
        "iops_samples" : 0
      },
      "write" : {
        "io_bytes" : 20707540992,
        "io_kbytes" : 20222208,
        "bw_bytes" : 690228358,
        "bw" : 674051,
        "iops" : 10532.048932,
        "runtime" : 30001,
        "total_ios" : 315972,
        "short_ios" : 0,
        "drop_ios" : 0,
        "slat_ns" : {
          "min" : 97381,
          "max" : 4112717,
          "mean" : 364784.613270,
          "stddev" : 202291.240491
        },
        "clat_ns" : {
          "min" : 6028,
          "max" : 6960127,
          "mean" : 2664689.503187,
          "stddev" : 454825.755809,
          "percentile" : {
            "1.000000" : 1826816,
            "5.000000" : 2007040,
            "10.000000" : 2113536,
            "20.000000" : 2277376,
            "30.000000" : 2375680,
            "40.000000" : 2506752,
            "50.000000" : 2605056,
            "60.000000" : 2736128,
            "70.000000" : 2867200,
            "80.000000" : 3031040,
            "90.000000" : 3260416,
            "95.000000" : 3489792,
            "99.000000" : 3883008,
            "99.500000" : 4046848,
            "99.900000" : 4489216,
            "99.950000" : 4751360,
            "99.990000" : 5734400
          },
          "bins" : {
            "6048" : 1,
            "6112" : 1,
            "6304" : 1,
            "92672" : 1,
            "173056" : 1,
            "207872" : 1,
            "374784" : 1,
            "399360" : 1,
            "489472" : 1,
            "552960" : 1,
            "602112" : 1,
            "708608" : 1,
            "749568" : 1,
            "790528" : 1,
            "847872" : 1,
            "921600" : 1,
            "995328" : 1,
            "1056768" : 1,
            "1122304" : 1,
            "1155072" : 2,
            "1171456" : 5,
            "1187840" : 1,
            "1204224" : 5,
            "1220608" : 7,
            "1236992" : 5,
            "1253376" : 9,
            "1269760" : 7,
            "1286144" : 6,
            "1302528" : 7,
            "1318912" : 3,
            "1335296" : 2,
            "1351680" : 4,
            "1368064" : 4,
            "1384448" : 2,
            "1400832" : 3,
            "1417216" : 11,
            "1433600" : 4,
            "1449984" : 7,
            "1466368" : 8,
            "1482752" : 5,
            "1499136" : 13,
            "1515520" : 10,
            "1531904" : 19,
            "1548288" : 19,
            "1564672" : 20,
            "1581056" : 15,
            "1597440" : 37,
            "1613824" : 35,
            "1630208" : 49,
            "1646592" : 82,
            "1662976" : 80,
            "1679360" : 112,
            "1695744" : 148,
            "1712128" : 189,
            "1728512" : 222,
            "1744896" : 217,
            "1761280" : 261,
            "1777664" : 340,
            "1794048" : 319,
            "1810432" : 404,
            "1826816" : 490,
            "1843200" : 569,
            "1859584" : 713,
            "1875968" : 866,
            "1892352" : 907,
            "1908736" : 1113,
            "1925120" : 1206,
            "1941504" : 1260,
            "1957888" : 1307,
            "1974272" : 1448,
            "1990656" : 1566,
            "2007040" : 1686,
            "2023424" : 1954,
            "2039808" : 2119,
            "2056192" : 2330,
            "2072576" : 2570,
            "2088960" : 2704,
            "2113536" : 5860,
            "2146304" : 6090,
            "2179072" : 6565,
            "2211840" : 7282,
            "2244608" : 7722,
            "2277376" : 8343,
            "2310144" : 8579,
            "2342912" : 8687,
            "2375680" : 8951,
            "2408448" : 9086,
            "2441216" : 9257,
            "2473984" : 9066,
            "2506752" : 9164,
            "2539520" : 8979,
            "2572288" : 9158,
            "2605056" : 9028,
            "2637824" : 8847,
            "2670592" : 8606,
            "2703360" : 8466,
            "2736128" : 8236,
            "2768896" : 7736,
            "2801664" : 7545,
            "2834432" : 7392,
            "2867200" : 7139,
            "2899968" : 6754,
            "2932736" : 6483,
            "2965504" : 6201,
            "2998272" : 5967,
            "3031040" : 5575,
            "3063808" : 5262,
            "3096576" : 4943,
            "3129344" : 4494,
            "3162112" : 4339,
            "3194880" : 4060,
            "3227648" : 3815,
            "3260416" : 3449,
            "3293184" : 3153,
            "3325952" : 2940,
            "3358720" : 2765,
            "3391488" : 2491,
            "3424256" : 2170,
            "3457024" : 1965,
            "3489792" : 1846,
            "3522560" : 1565,
            "3555328" : 1453,
            "3588096" : 1351,
            "3620864" : 1192,
            "3653632" : 979,
            "3686400" : 937,
            "3719168" : 845,
            "3751936" : 720,
            "3784704" : 608,
            "3817472" : 572,
            "3850240" : 454,
            "3883008" : 427,
            "3915776" : 332,
            "3948544" : 317,
            "3981312" : 313,
            "4014080" : 242,
            "4046848" : 208,
            "4079616" : 199,
            "4112384" : 159,
            "4145152" : 142,
            "4177920" : 115,
            "4227072" : 199,
            "4292608" : 144,
            "4358144" : 107,
            "4423680" : 85,
            "4489216" : 63,
            "4554752" : 41,
            "4620288" : 23,
            "4685824" : 26,
            "4751360" : 24,
            "4816896" : 14,
            "4882432" : 19,
            "4947968" : 10,
            "5013504" : 8,
            "5079040" : 10,
            "5144576" : 7,
            "5210112" : 8,
            "5275648" : 3,
            "5341184" : 8,
            "5406720" : 10,
            "5472256" : 5,